{
  "particles": {
    "number": { "value": 80 },
    "color": { "value": "#00fff7" },
    "shape": { "type": "circle" },
    "opacity": { "value": 0.5, "random": true },
    "size": { "value": 3, "random": true },
    "line_linked": {
      "enable": true,
      "distance": 150,
      "color": "#00fff7",
      "opacity": 0.4,
      "width": 1
    },
    "move": { "enable": true, "speed": 2, "out_mode": "out" }
  },
  "interactivity": {
    "events": {
      "onhover": { "enable": true, "mode": "grab" },
      "onclick": { "enable": true, "mode": "push" }
    },
    "modes": {
      "grab": { "distance": 200, "line_linked": { "opacity": 0.5 } },
      "push": { "particles_nb": 4 }
    }
  },
  "retina_detect": true
}
